titulo,link,fonte,data_coleta
Diretor do CBIE: Mercado não vê guerra no Oriente Médio acabando em breve,https://www.cnnbrasil.com.br/economia/money/macroeconomia/diretor-do-cbie-mercado-nao-ve-guerra-no-oriente-medio-acabando-em-breve/,CNN Brasil,2026-09-19 19:18:06
Mercado de fertilizantes enfrenta forte pressão no início da safra,https://www.cnnbrasil.com.br/agro/mercado-de-fertilizantes-enfrenta-forte-pressao-no-inicio-da-safra/,CNN Brasil,2026-09-19 19:18:06
IA pressiona e reprecifica ações de empresas de software,https://www.cnnbrasil.com.br/economia/money/mercado/ia-pressiona-e-reprecifica-acoes-de-empresas-de-software/,CNN Brasil,2026-09-19 19:18:06
Petróleo ainda é termômetro da economia? Entenda influência,https://stories.cnnbrasil.com.br/economia/petroleo-ainda-e-termometro-da-economia-entenda-influencia/,CNN Brasil,2026-09-19 19:18:06
Macroeconomia,https://www.cnnbrasil.com.br/economia/money/macroeconomia/,CNN Brasil,2026-09-19 19:18:06
"""Pacote de bondades"" de Lula injeta R$ 270 bi na economia em ano eleitoral",https://www.cnnbrasil.com.br/economia/money/macroeconomia/pacote-de-bondades-de-lula-injeta-r-270-bi-na-economia-em-ano-eleitoral/,CNN Brasil,2026-09-19 19:18:06
Investimentos,https://www.cnnbrasil.com.br/tudo-sobre/investimentos/,CNN Brasil,2026-09-19 19:18:06
Bolsa de Valores,https://www.cnnbrasil.com.br/tudo-sobre/bolsa-de-valores/,CNN Brasil,2026-09-19 19:18:06
Mercado Pago,https://especiaispublicitarios.g1.globo.com/vqt-mercado-pago/,G1 Economia,2026-09-19 19:18:07
Mercado Imobiliário,https://g1.globo.com/go/goias/mercado-imobiliario/,G1 Economia,2026-09-19 19:18:07
Juros Futuros,https://www.infomoney.com.br/ferramentas/juros-futuros-di/,InfoMoney Mercados,2026-09-19 19:18:08
Indicadores de Inflação,https://www.infomoney.com.br/ferramentas/inflacao/,InfoMoney Mercados,2026-09-19 19:18:08
Simulador de Investimentos,https://www.infomoney.com.br/ferramentas/simulador-xp/,InfoMoney Mercados,2026-09-19 19:18:08
O que muda com BDRs no Ibovespa? Expectativa é por maior diversidade e novos fluxos,https://www.infomoney.com.br/mercados/o-que-muda-com-bdrs-no-ibovespa-expectativa-e-por-maior-diversidade-e-novos-fluxos/,InfoMoney Mercados,2026-09-19 19:18:08
Como investir em ações O passo a passo para aproveitar os sucessivos recordes da Bolsa para aumentar o patrimônio,https://lps.infomoney.com.br/como-investir-em-acoes-inscricao/?utm_source=infomoney&utm_medium=promo&utm_campaign=tes&utm_term=hiperlink&utm_content=home,InfoMoney Mercados,2026-09-19 19:18:08
Gestora americana espera “vários cortes de juros” no Brasil e vê Bolsa barata,https://www.infomoney.com.br/onde-investir/gestora-americana-espera-varios-cortes-de-juros-no-brasil-e-ve-bolsa-barata/,InfoMoney Mercados,2026-09-19 19:18:08
"Bolsa está barata? Para Kinea, pergunta é outra e eleição é “divisor de águas”",https://www.infomoney.com.br/mercados/bolsa-esta-barata-para-kinea-pergunta-certa-e-outra-e-eleicao-e-divisor-de-aguas/,InfoMoney Mercados,2026-09-19 19:18:08
Ações de IA abriram janela geracional? Veja como se posicionar,https://www.infomoney.com.br/onde-investir/acoes-ia-janela-geracional-como-se-posicionar/,InfoMoney Mercados,2026-09-19 19:18:08
"Corte da Selic, discussões sobre IA e BDRs no Ibovespa; veja os destaques da semana",https://www.infomoney.com.br/mercados/corte-da-selic-discussoes-sobre-ia-e-bdrs-no-ibovespa-veja-os-destaques-da-semana/,InfoMoney Mercados,2026-09-19 19:18:08
"EXAME - Negócios, Economia, Tecnologia e Carreira",https://exame.com/,Exame Economia,2026-09-19 19:18:09
"BC mantém espaço para novo corte da Selic após eleições, dizem economistas",https://exame.com/economia/bc-mantem-espaco-para-novo-corte-da-selic-apos-eleicoes-dizem-economistas/,Exame Economia,2026-09-19 19:18:09
"Com Selic a 13,75% ao ano, Brasil segue com o maior juro real do mundo",https://exame.com/economia/com-selic-a-1375-ao-ano-brasil-segue-com-o-maior-juro-real-do-mundo/,Exame Economia,2026-09-19 19:18:09
"BC corta a Selic pela 5ª vez seguida e taxa de juros no Brasil cai para 13,75%",https://exame.com/economia/bc-corta-a-selic-pela-5a-vez-seguida-e-taxa-de-juros-no-brasil-cai-para-1375/,Exame Economia,2026-09-19 19:18:09
"Copom inicia reunião com expectativa de corte da Selic para 13,75%",https://exame.com/economia/copom-inicia-reuniao-com-expectativa-de-corte-da-selic-para-1375/,Exame Economia,2026-09-19 19:18:09
"CPI: inflação dos EUA acelera para 0,4% em agosto com alta da gasolina",https://exame.com/economia/cpi-inflacao-dos-eua-acelera-para-04-em-agosto-com-alta-da-gasolina/,Exame Economia,2026-09-19 19:18:09
"IPCA tem deflação de 0,32% em agosto; veja o que ficou mais barato",https://exame.com/economia/ipca-tem-deflacao-de-032-em-agosto-mercado-esperava-029/,Exame Economia,2026-09-19 19:18:09
Conferência em SP reúne investidores globais em mercado de US$ 234 bi,https://exame.com/economia/conferencia-em-sp-reune-investidores-globais-em-mercado-de-us-234-bi/,Exame Economia,2026-09-19 19:18:09
Focus: mercado reduz projeção do IPCA de 2026 pela 2ª semana seguida,https://exame.com/economia/focus-mercado-reduz-projecao-do-ipca-de-2026-pela-2a-semana-seguida/,Exame Economia,2026-09-19 19:18:09
EconomiaFim da escala 6x1: entenda o projeto e o que muda para os trabalhadores,https://exame.com/webstories/economia/fim-da-escala-6x1-entenda-o-projeto-e-o-que-muda-para-os-trabalhadores,Exame Economia,2026-09-19 19:18:09
EconomiaMaior salário médio do Brasil: SP lidera criação de empregos no Brasil,https://exame.com/webstories/economia/maior-salario-medio-do-brasil-sp-lidera-criacao-de-empregos-no-brasil,Exame Economia,2026-09-19 19:18:09
EconomiaQual será o impacto das tarifas de Trump na economia do Brasil?,https://exame.com/webstories/economia/qual-sera-o-impacto-das-tarifas-de-trump-na-economia-do-brasil,Exame Economia,2026-09-19 19:18:09
EconomiaO que explica a menor taxa de desemprego no Brasil da história?,https://exame.com/webstories/economia/o-que-explica-a-menor-taxa-de-desemprego-no-brasil-da-historia,Exame Economia,2026-09-19 19:18:09
"Orçamento de 2027 prevê inflação de 3,6% para o próximo ano",https://exame.com/economia/orcamento-de-2027-preve-inflacao-de-36-para-o-proximo-ano/,Exame Economia,2026-09-19 19:18:09
"Governo estima taxa Selic a 12,53% para 2027",https://exame.com/economia/governo-estima-taxa-selic-a-1253-para-2027/,Exame Economia,2026-09-19 19:18:09
Guia de Investimentos,https://exame.com/invest/guia/,Exame Economia,2026-09-19 19:18:09
Calculadora de Juros Compostos,https://exame.com/invest/calculadoras/calculadora-juros-compostos/,Exame Economia,2026-09-19 19:18:09
